timestamp,level,component,message
2025-06-23 10:15:00,INFO,Auth,User logged in successfully.
2025-06-23 10:17:00,ERROR,Payment,Payment processing failed.
2025-06-23 10:18:00,WARN,Order,Order delay due to inventory check.
2025-06-23 11:00:00,INFO,Auth,User logged out.
2025-06-24 09:15:00,ERROR,Database,Connection timeout.
2025-06-24 09:20:00,INFO,Auth,User logged in successfully.
2025-06-23 15:54:25,INFO,Order,Invalid credentials provided.
2025-06-23 15:54:31,WARN,Notification,User logged in successfully.
2025-06-23 15:54:36,INFO,Auth,Payment processed successfully.
2025-06-23 15:54:41,WARN,Database,Payment processed successfully.
2025-06-23 15:54:46,WARN,Payment,Payment processed successfully.
2025-06-23 15:54:51,INFO,Database,Payment processed successfully.
2025-06-23 15:54:56,WARN,Database,Database connection lost.
2025-06-23 15:55:01,ERROR,Notification,Order delayed due to inventory check.
2025-06-23 15:55:06,WARN,Database,Invalid credentials provided.
2025-06-23 15:55:11,ERROR,Payment,Invalid credentials provided.
2025-06-23 15:55:16,ERROR,Payment,Database connection lost.
2025-06-23 15:55:21,ERROR,Payment,Database connection lost.
2025-06-23 15:55:26,WARN,Notification,User logged in successfully.
2025-06-23 15:56:02,ERROR,Database,Payment processed successfully.
2025-06-23 15:56:07,INFO,Database,Payment processed successfully.
2025-06-23 15:56:12,INFO,Payment,Payment processed successfully.
